PSA AUTOMOBILES SA	78300	POISSY	50 192 306 000 €
ELECTRICITE DE FRANCE	75008	PARIS 08	44 315 000 000 €
AIRBUS	31700	BLAGNAC	39 036 834 000 €
RENAULT SAS	92100	BOULOGNE BILLANCOURT	37 715 000 000 €
ORANGE	92130	ISSY LES MOULINEAUX	22 602 000 000 €
CSF	14120	MONDEVILLE	22 018 613 636 €
CONTANGO TRADING SA	75013	PARIS 13	20 114 270 580 €
ENGIE	92400	COURBEVOIE	19 272 000 000 €
CMA CGM	13002	Marseille 2e Arrondissement	17 972 700 000 €
TOTALENERGIES MARKETING FRANCE	92000	NANTERRE	16 942 209 000 €
ITM ALIMENTAIRE INTERNATIONAL	75015	PARIS 15	16 676 966 419 €
LA FRANCAISE DES JEUX	92100	BOULOGNE BILLANCOURT	15 940 400 000 €
ENEDIS	92400	Courbevoie	14 494 000 000 €
CARREFOUR HYPERMARCHES	91000	BONDOUFLE	14 216 327 858 €
AUTOMOBILES PEUGEOT	78300	POISSY	12 641 000 219 €
SNCF VOYAGEURS	93200	ST DENIS	12 566 000 000 €
SYSTEME U CENTRALE NATIONALE	94150	RUNGIS	12 358 288 000 €
AUCHAN HYPERMARCHE	59650	Villeneuve-d'Ascq	12 138 000 000 €
SANOFI WINTHROP INDUSTRIE	92160	ANTONY	11 837 000 000 €
LA POSTE    75015	PARIS 15	10 663 000 000 €
TOTAL RAFFINAGE FRANCE	92400	COURBEVOIE	10 596 498 560 €
SOCIETE D'IMPORTATION LECLERC	94200	IVRY SUR SEINE	10 185 659 438 €
ESSO SOCIETE ANONYME FRANCAISE  92400	Courbevoie	10 092 027 000 €
HP FRANCE SAS	92190	MEUDON	9 149 876 000 €
SOCIETE FRANCAISE DU RADIOTELEPHONE - SFR	75015	PARIS 15	8 874 975 828 €
AIRBUS OPERATIONS	31300	TOULOUSE	8 284 000 000 €
SINERGY	94200	IVRY SUR SEINE	7 942 847 814 €
AUTOMOBILES CITROEN	92500	RUEIL MALMAISON	7 806 105 000 €
DISTRIBUTION CASINO FRANCE	42000	Saint-Ã‰tienne	7 753 000 000 €
SAFRAN AIRCRAFT ENGINES	75015	PARIS 15	6 655 415 249 €
LEROY MERLIN FRANCE	59260	LEZENNES	6 607 737 450 €
BOUYGUES TELECOM	75116	PARIS 16	6 575 600 000 €
SNCF RESEAU	93200	ST DENIS	6 233 000 000 €
VOLKSWAGEN GROUP FRANCE	02600	VILLERS COTTERETS	6 057 099 504 €
SOCIETE AIR FRANCE	93290	TREMBLAY EN FRANCE	6 015 000 000 €
OCP REPARTITION	93400	Saint-Ouen	5 759 356 793 €
SCA PETROLE ET DERIVES	75015	PARIS 15	5 598 697 973 €
LOUIS VUITTON MALLETIER	75001	PARIS 01	5 595 000 000 €
RENAULT RETAIL GROUP	92140	CLAMART	4 879 013 290 €
ARCELORMITTAL ATLANTIQUE ET LORRAINE	93210	SAINT DENIS	4 857 241 000 €
L'OREAL	75008	PARIS 08	4 837 800 000 €
DASSAULT AVIATION	75008	Paris 8e Arrondissement	4 816 505 000 €
GLOBAL LNG	92400	COURBEVOIE	4 789 062 343 €
TOTALENERGIES ELECTRICITE ET GAZ FRANCE	75015	PARIS 15	4 780 391 000 €
RTE RESEAU DE TRANSPORT D ELECTRICITE	92800	Puteaux	4 672 266 000 €
PEUGEOT CITROEN SOCHAUX SNC	25600	SOCHAUX	4 608 256 756 €
MANUF FRANC PNEUMATIQ MICHELIN	63000	CLERMONT FERRAND	4 522 654 000 €
MONOPRIX EXPLOIT PAR ABREVIATION MPX	92110	CLICHY	4 211 009 000 €
SCAMARK	94200	IVRY SUR SEINE	4 189 688 140 €
FNAC DARTY PARTICIPATIONS ET SERVICES	94200	IVRY SUR SEINE	4 129 454 647 €
TOTAL SE	92400	COURBEVOIE	3 961 000 000 €
COMPAGNIE D'EXPLOITATION ET DE REPARTITION PHARMACEUTIQUES DE RO	76000	Rouen	3 947 079 231 €
METRO FRANCE	92000	NANTERRE	3 932 491 316 €
ADECCO FRANCE	69100	Villeurbanne	3 869 621 271 €
CORA	77183	CROISSY BEAUBOURG	3 854 072 278 €
RENAULT TRUCKS	69800	ST PRIEST	3 753 000 000 €
SUCRES ET DENREES	75008	PARIS 08	3 649 955 240 €
ALLIANCE HEALTHCARE REPARTITION	92230	GENNEVILLIERS	3 624 506 933 €
CARFUEL	91000	BONDOUFLE	3 547 088 750 €
MERCEDES-BENZ FRANCE	78180	Montigny-le-Bretonneux	3 546 764 246 €
ALSTOM TRANSPORT SA	93400	ST OUEN SUR SEINE	3 537 000 000 €
SCHNEIDER ELECTRIC INDUSTRIES SAS	92500	RUEIL MALMAISON	3 408 651 647 €
SONY EUROPE B.V.	00000	ROYAUME UNI	3 406 000 000 €
PSA RETAIL FRANCE SAS	78300	Poissy	3 376 687 129 €
GRDF	75009	PARIS 09	3 308 329 000 €
NAVAL GROUP	75015	PARIS 15	3 291 152 000 €
FREE	75008	PARIS 8	3 266 498 000 €
HERMES SELLIER	75008	PARIS 8	3 207 818 539 €
AIRBUS HELICOPTERS	13700	MARIGNANE	3 119 000 000 €
ARCELORMITTAL FRANCE	93210	ST DENIS	3 115 332 000 €
AUCHAN SUPERMARCHE	59170	CROIX	3 075 290 675 €
SANOFI-AVENTIS GROUPE	75008	PARIS 8E ARRONDISSEMENT	2 939 000 000 €
MANPOWER FRANCE	92000	NANTERRE	2 927 747 000 €
FRANCE TELEVISIONS	75015	PARIS 15	2 893 790 000 €
DECATHLON FRANCE	59650	VILLENEUVE D'ASCQ	2 875 453 631 €
GROUPE LACTALIS	53000	LAVAL	2 843 593 034 €
BOULANGER	59810	LESQUIN	2 830 247 991 €
TOTAL PETROCHEMICALS FRANCE	92400	COURBEVOIE	2 827 919 952 €
MEUBLES IKEA FRANCE	78370	PLAISIR	2 803 014 900 €
ITM ALIMENTAIRE CENTRE EST	75015	PARIS 15E ARRONDISSEMENT	2 802 713 774 €
ITM ALIMENTAIRE SUD EST	75015	PARIS 15	2 790 918 762 €
AS 24	44800	ST HERBLAIN	2 759 254 193 €
AUTOROUTES DU SUD DE LA FRANCE	92500	Rueil-Malmaison	2 692 000 000 €
SAMSUNG ELECTRONICS FRANCE	93400	ST OUEN SUR SEINE	2 661 424 851 €
BMW FRANCE	78180	MONTIGNY LE BRETONNEUX	2 616 986 918 €
MICROSOFT FRANCE	92130	ISSY LES MOULINEAUX	2 589 932 671 €
TOYOTA MOTOR MANUFACTURING FRANCE	59264	ONNAING	2 587 033 919 €
CASTORAMA FRANCE	59175	TEMPLEMARS	2 584 434 361 €
SODIAAL UNION	75014	PARIS 14	2 553 395 365 €
FREE MOBILE	75008	PARIS 08	2 539 883 000 €
ITM ALIMENTAIRE SUD OUEST	75015	PARIS 15	2 511 302 144 €
CAPGEMINI TECHNOLOGY SERVICES	92130	ISSY LES MOULINEAUX	2 507 872 000 €
THEVENIN DUCROT DISTRIBUTION	21800	CHEVIGNY SAINT SAUVEUR	2 506 150 394 €
SCHNEIDER ELECTRIC FRANCE	92500	RUEIL MALMAISON	2 441 972 916 €
REXEL FRANCE	75017	PARIS 17	2 432 997 052 €
TECH DATA FRANCE	77600	BUSSY ST GEORGES	2 426 046 974 €
ARKEMA FRANCE	92700	Colombes	2 386 000 000 €
SANOFI PASTEUR	69007	LYON 07	2 376 000 000 €
LOGISTA FRANCE	94300	VINCENNES	2 350 495 072 €
CDISCOUNT	33300	BORDEAUX	2 339 188 454 €
SOCIETE MECANIQUE AUTOMOBILE DE L'EST	57300	TREMERY	2 332 636 935 €
BRICO DEPOT	91310	LONGPONT SUR ORGE	2 313 305 409 €
SAIPOL	75008	PARIS 8	2 303 502 549 €
DELL	34000	MONTPELLIER	2 294 470 128 €
LES LABORATOIRES SERVIER	92150	SURESNES	2 283 819 400 €
TOYOTA FRANCE	92420	VAUCRESSON	2 279 862 362 €
MBDA FRANCE	92350	LE PLESSIS ROBINSON	2 262 646 825 €
ENGIE ENERGIE SERVICES	92800	PUTEAUX	2 259 234 000 €
ROBERT BOSCH FRANCE	93400	ST OUEN SUR SEINE	2 239 181 276 €
ITM ALIMENTAIRE REGION PARISIENNE	75015	PARIS 15	2 207 926 000 €
SOCIETE COOPERATIVE AGRICOLE ET AGRO-ALIMENTAIRE AGRIAL	14000	CAEN	2 207 037 131 €
POMONA	92160	Antony	2 200 809 894 €
SHV GAS SUPPLY & RISK MANAGEMENT	92400	COURBEVOIE	2 184 006 057 €
UBISOFT ENTERTAINMENT	56910	CARENTOIR	2 176 900 000 €
ITM ALIMENTAIRE OUEST	75015	PARIS 15	2 174 784 479 €
RANDSTAD	93200	ST DENIS	2 167 161 360 €
NOVARTIS PHARMA SAS	92500	RUEIL MALMAISON	2 161 437 965 €
CONFRATERNELLE D'EXPLOITATION ET DE REPARTITION PHARMACEUTIQUE R	90000	BELFORT	2 145 283 118 €
CHANEL	92200	NEUILLY SUR SEINE	2 144 572 017 €
APERAM STAINLESS EUROPE	93210	ST DENIS	2 142 211 800 €
BUT INTERNATIONAL	77184	EMERAINVILLE	2 118 739 403 €
DALKIA	59350	Saint-AndrÃ©-lez-Lille	2 108 956 000 €
THALES SIX GTS FRANCE SAS	92230	GENNEVILLIERS	2 100 937 000 €
LYONNAISE DES EAUX FRANCE	92400	COURBEVOIE	2 088 666 603 €
NESTLE FRANCE	92130	ISSY LES MOULINEAUX	2 083 346 148 €
STEDIS	38400	ST MARTIN D HERES	2 077 562 549 €
CIE IBM FRANCE	92270	Bois-Colombes	2 068 000 000 €
FRAMATOME	92400	COURBEVOIE	2 065 726 000 €
COCA-COLA EUROPACIFIC PARTNERS FRANCE	92130	ISSY LES MOULINEAUX	2 064 328 969 €
DECATHLON	59650	VILLENEUVE D'ASCQ	2 048 622 000 €
ROQUETTE FRERES	62136	LESTREM	2 027 987 000 €
ACTION FRANCE	75019	PARIS 19	2 020 857 815 €
UNILEVER FRANCE	92500	Rueil-Malmaison	2 008 162 471 €
VEOLIA EAU - COMPAGNIE GENERALE DES EAUX	75008	PARIS 8	2 006 198 013 €
BRIQUETERIE LAMOUR	59119	WAZIERS	1 968 487 000 €
CHRISTIAN DIOR COUTURE	75008	PARIS 8	1 961 763 000 €
AIRBUS DEFENCE AND SPACE SAS	31400	TOULOUSE	1 951 016 000 €
FEDEX EXPRESS FR	69007	LYON 7EME	1 938 362 601 €
ARIANEGROUP SAS	75015	PARIS 15	1 937 338 000 €
SOCIETE VEHICULES AUTOMOBILES BATILLY	54980	BATILLY	1 892 855 716 €
GRTGAZ	92270	BOIS COLOMBES	1 877 177 456 €
FMC AUTOMOBILES	78100	SAINT GERMAIN EN LAYE	1 847 425 133 €
UNION INVIVO	75116	PARIS 16	1 809 024 958 €
SOCOPA VIANDES	29300	QUIMPERLE	1 800 631 806 €
SCC SA	92000	NANTERRE	1 783 062 529 €
VENTE PRIVEE.COM	93200	SAINT DENIS	1 781 348 943 €
SOCIETE DES PETROLES SHELL	92800	Puteaux	1 771 827 214 €
XPAGE GROUP	31130	BALMA	1 771 731 000 €
PICARD SURGELES	77300	FONTAINEBLEAU	1 770 112 576 €
THALES DMS FRANCE SAS	78990	ELANCOURT	1 759 628 000 €
TERRENA	44150	ANCENIS ST GEREON	1 757 017 537 €
ITM ALIMENTAIRE CENTRE OUEST	75015	PARIS 15	1 745 550 709 €
SANOFI-AVENTIS FRANCE	94250	GENTILLY	1 743 000 000 €
THALES LAS FRANCE SAS	78990	ELANCOURT	1 723 623 000 €
ITM ALIMENTAIRE NORD	75015	PARIS 15	1 720 287 093 €
DASSAULT SYSTEMES	78140	VELIZY VILLACOUBLAY	1 716 400 000 €
CARREFOUR SUPPLY CHAIN	14120	Mondeville	1 715 685 930 €
CARGILL FRANCE	92800	PUTEAUX	1 712 019 816 €
SOCIETE EUROPEENNE DE VEHICULES LEGERS DU NORD - SEVEL NORD	59111	LIEU ST AMAND	1 686 698 977 €
MONDELEZ FRANCE SAS	92140	CLAMART	1 685 103 012 €
PEUGEOT CITROEN MULHOUSE SNC	68390	SAUSHEIM	1 677 995 830 €
CHANTIERS DE L'ATLANTIQUE	44600	ST NAZAIRE	1 677 371 790 €
JPMORGAN ASSET MANAGEMENT (EUROPE) SARL	00000		1 672 417 052 €
GROUPE CANAL+ SA	92130	ISSY LES MOULINEAUX	1 665 000 000 €
CFM INTERNATIONAL	75015	PARIS 15	1 663 317 000 €
PROCTER & GAMBLE FRANCE	92600	ASNIERES SUR SEINE	1 652 124 747 €
IVECO FRANCE	69200	VENISSIEUX	1 652 083 912 €
M H C S	51200	EPERNAY	1 643 455 132 €
PEUGEOT CITROEN RENNES SNC	35131	CHARTRES DE BRETAGNE	1 638 334 733 €
SNCF MOBILITES	93200	SAINT DENIS	1 637 000 000 €
SOUFFLET NEGOCE	10400	NOGENT SUR SEINE	1 635 302 492 €
APRR	21850	ST APOLLINAIRE	1 633 200 000 €
ADEO SERVICES	59790	Ronchin	1 631 793 000 €
BOLLORE LOGISTICS	92800	Puteaux	1 629 714 271 €
SOCIETE COOPERATIVE D'APPROVISIONNEMENT DE L'OUEST	44360	ST ETIENNE DE MONTLUC	1 629 384 032 €
NHINDUSTRIES	13290	AIX EN PROVENCE	1 623 808 473 €
PHOENIX PHARMA	94000	CRETEIL	1 621 711 809 €
DISTRIBUTION SANITAIRE CHAUFFAGE	60550	Verneuil-en-Halatte	1 605 420 249 €
CONFORAMA FRANCE	77185	LOGNES	1 601 474 000 €
BOUYGUES IMMOBILIER	92130	ISSY LES MOULINEAUX	1 600 764 180 €
SOCIETE COOPERATIVE D'APPROVISIONNEMENT PARIS-EST	51520	ST MARTIN SUR LE PRE	1 600 691 813 €
MSD FRANCE	92800	PUTEAUX	1 585 419 587 €
GE MEDICAL SYSTEMS	78530	Buc	1 584 289 273 €
IPSEN PHARMA	92100	BOULOGNE BILLANCOURT	1 567 000 000 €
AUCHAN ENERGIES	59650	VILLENEUVE D ASCQ	1 564 142 004 €
SANOFI-AVENTIS RECHERCHE ET DEVELOPPEMENT	91380	CHILLY MAZARIN	1 564 000 000 €
JACOBS DOUWE EGBERTS FR SAS	75010	PARIS 10	1 558 806 520 €
CARREFOUR STATIONS SERVICE	14120	MONDEVILLE	1 555 673 174 €
SOCIETE D'EDITION DE CANAL PLUS	92130	ISSY LES MOULINEAUX	1 542 000 000 €
ENI GAS & POWER FRANCE	92300	LEVALLOIS PERRET	1 528 726 191 €
DISTRIBUTION LEADER PRICE SNC	94400	VITRY SUR SEINE	1 525 543 404 €
FCA FRANCE	78190	TRAPPES	1 524 289 636 €
INGRAM MICRO	59810	LESQUIN	1 517 728 719 €
NEXANS FRANCE	92400	COURBEVOIE	1 516 638 226 €
DYNEFF S.A.S.	34000	Montpellier	1 516 581 611 €
SOPRA STERIA GROUP	74940	ANNECY	1 512 781 000 €
CERTAS ENERGY FRANCE	92500	RUEIL MALMAISON	1 507 796 957 €
SAFRAN LANDING SYSTEMS	78140	VELIZY VILLACOUBLAY	1 506 676 000 €
GEFCO FRANCE	92700	COLOMBES	1 506 663 000 €
GROUPE BIGARD	29300	QUIMPERLE	1 505 800 648 €
PARFUMS CHRISTIAN DIOR	75008	PARIS 8	1 504 063 311 €
SAGEMCOM BROADBAND SAS	92500	RUEIL MALMAISON	1 501 940 000 €
AIRBUS ATLANTIC	17300	ROCHEFORT	1 501 538 000 €
AEROPORTS DE PARIS	93290	TREMBLAY EN FRANCE	1 491 000 000 €
ETABLISSEMENTS DARTY ET FILS	93140	BONDY	1 475 569 435 €
TF1 PUBLICITE	92100	BOULOGNE BILLANCOURT	1 474 683 059 €
TRANSITYRE FRANCE SA	63000	CLERMONT FERRAND	1 465 810 199 €
SOCIETE JAS HENNESSY & Co	16100	COGNAC	1 458 837 195 €
ANTARGAZ	92400	COURBEVOIE	1 450 534 111 €
SOCAMAINE	72470	CHAMPAGNE	1 448 018 154 €
LECLERC APPROVIONNEMENT SUD	83340	LE LUC	1 446 084 834 €
TEMSYS	92110	CLICHY	1 441 899 458 €
ACCENTURE	75013	PARIS 13	1 437 550 972 €
SA EAUX MINERALES EVIAN	74500	Ã‰vian-les-Bains	1 435 602 974 €
SNCF GARES & CONNEXIONS	75013	PARIS 13	1 434 494 585 €
ARCELORMITTAL MEDITERRANEE	93210	ST DENIS	1 431 543 000 €
SCAPALSACE	68000	COLMAR	1 423 293 456 €
EURIAL LAIT	44300	NANTES	1 413 521 684 €
SAUR	92130	ISSY LES MOULINEAUX	1 413 428 849 €
TOTALENERGIES LUBRIFIANTS	92000	NANTERRE	1 405 993 430 €
SANOFI CHIMIE	94250	GENTILLY	1 405 000 000 €
JOHN DEERE SAS	45400	FLEURY LES AUBRAIS	1 401 362 000 €
EXXONMOBIL CHEMICAL FRANCE	92000	NANTERRE	1 398 483 413 €
TECHNIP ENERGIES FRANCE	92000	NANTERRE	1 396 300 000 €
SOCIETE COOPERATIVE D'APPROVISIONNEMENT RHONE ALPES	38280	Villette-d'Anthon	1 392 354 487 €
CNH INDUSTRIAL FRANCE	91150	MORIGNY CHAMPIGNY	1 391 197 870 €
TOTALENERGIES MARKETING AFRIQUE	92800	PUTEAUX	1 389 480 334 €
MAGASINS GALERIES LAFAYETTE	75009	PARIS 09	1 384 872 000 €
ALCATEL-LUCENT INTERNATIONAL	91620	NOZAY	1 370 898 000 €
MILLIPORE	67120	MOLSHEIM	1 370 467 217 €
EURO-INFORMATION EUROPEENNE DE TRAITEMENT DE L'INFORMATION	67000	STRASBOURG	1 367 664 718 €
URBAINE DES PETROLES	92500	RUEIL MALMAISON	1 359 150 296 €
GALERIES LAFAYETTE HAUSSMANN - GL HAUSSMANN	75009	PARIS 9	1 345 805 000 €
CHANEL COORDINATION	75001	PARIS 01	1 343 559 206 €
SEPHORA	92200	NEUILLY SUR SEINE	1 343 243 313 €
BAYER SAS	69009	LYON 09	1 343 138 248 €
TEREOS FRANCE	02390	ORIGNY SAINTE BENOITE	1 343 085 606 €
PEUGEOT CITROEN PIECES DE RECHANGE	78140	VELIZY VILLACOUBLAY	1 342 104 426 €
BP FRANCE	95800	Cergy	1 341 000 000 €
SCHENKER FRANCE	85600	MONTAIGU VENDEE	1 332 727 062 €
SONAPRO	92100	BOULOGNE BILLANCOURT	1 326 192 094 €
BASF FRANCE SAS	92300	LEVALLOIS PERRET	1 324 244 451 €
BEL	92150	Suresnes	1 323 456 000 €
BOLLORE ENERGY	29500	ErguÃ©-GabÃ©ric	1 320 455 746 €
NISSAN WEST EUROPE	78180	MONTIGNY LE BRETONNEUX	1 317 731 000 €
LEGRAND SNC	87000	LIMOGES	1 316 676 000 €
SANEF	92130	ISSY LES MOULINEAUX	1 315 961 000 €
BOUYGUES BATIMENT ILE DE FRANCE	78280	GUYANCOURT	1 314 453 789 €
PFIZER	75014	PARIS 14	1 310 421 167 €
DANONE PRODUITS FRAIS FRANCE	92500	RUEIL MALMAISON	1 305 266 237 €
SICA SAS AXEREAL	45160	OLIVET	1 303 115 791 €
ITM LOGISTIQUE ALIMENTAIRE INTERNATIONAL	75015	PARIS 15	1 301 607 063 €
BIOMERIEUX SA	69280	MARCY L ETOILE	1 301 100 000 €
PRINTEMPS	75009	Paris 9e Arrondissement	1 300 503 314 €
INTERSPORT FRANCE	91160	LONGJUMEAU	1 287 264 121 €
ALPIQ ENERGIE FRANCE SAS	92200	NEUILLY SUR SEINE	1 286 814 523 €
SAFRAN HELICOPTER ENGINES	64510	BORDES	1 286 149 000 €
CDC HABITAT SOCIAL SOCIETE ANONYME D'HABITATIONS A LOYER MODERE	75013	PARIS 13	1 284 000 000 €
HUAWEI TECHNOLOGIES FRANCE	92100	BOULOGNE BILLANCOURT	1 282 830 074 €
DISTRIDYN	94220	CHARENTON LE PONT	1 280 697 261 €
GAS NATURAL EUROPE	92400	COURBEVOIE	1 275 587 427 €
SAFRAN ELECTRONICS & DEFENSE	75015	PARIS 15	1 275 326 000 €
SOC DES ATELIERS LOUIS VUITTON	75001	PARIS 1	1 264 700 000 €
THALES AVS FRANCE SAS	33700	MERIGNAC	1 264 000 000 €
COOPERATIVE D'APPROVISIONNEMENT NORMANDE	14100	LISIEUX	1 262 623 440 €
FERRERO FRANCE COMMERCIALE	76130	MONT ST AIGNAN	1 260 990 815 €
ITM ALIMENTAIRE EST	75015	PARIS 15	1 259 157 891 €
SOUFFLET AGRICULTURE	10400	Nogent-sur-Seine	1 256 021 320 €
BECTON DICKINSON FRANCE	38800	LE PONT DE CLAIX	1 246 719 937 €
ADISSEO FRANCE S.A.S.	92160	ANTONY	1 244 097 460 €
ORANO CHIMIE-ENRICHISSEMENT	92320	CHATILLON	1 238 213 000 €
BOUYGUES TRAVAUX PUBLICS	78280	GUYANCOURT	1 235 257 576 €
SOC COOPERATIVE SOCAMIL	31170	TOURNEFEUILLE	1 234 807 300 €
HEINEKEN ENTREPRISE	92500	RUEIL MALMAISON	1 233 334 769 €
TRANSGOURMET OPERATIONS	94460	VALENTON	1 231 313 186 €
H&M HENNES & MAURITZ	75009	PARIS 09	1 223 927 088 €
PEPSICO FRANCE	92700	COLOMBES	1 213 810 392 €
COFIROUTE	92500	RUEIL MALMAISON	1 205 000 000 €
BRISTOL MYERS SQUIBB	92500	RUEIL MALMAISON	1 196 319 752 €
SAFRAN NACELLES	76700	GONFREVILLE L ORCHER	1 194 171 000 €
SUPERMARCHES MATCH	59110	LA MADELEINE	1 189 945 962 €
SCA FRUITS LEGUMES FLEURS	75015	Paris 15e Arrondissement	1 188 666 599 €
GE ENERGY PRODUCTS FRANCE SNC	90000	BELFORT	1 181 121 063 €
ARVAL SERVICE LEASE	75009	Paris 9e Arrondissement	1 178 869 795 €
EIFFAGE TP	93330	NEUILLY SUR MARNE	1 176 343 577 €
SOCIETE COOPERATIVE D'APPROVISIONNEMENT DE LA REGION DE L'ARTOIS	62217	TILLOY LES MOFFLAINES	1 176 240 142 €
COMPAGNIE NATIONALE DU RHONE	69004	LYON 04	1 170 282 000 €
JANSSEN CILAG	92130	ISSY LES MOULINEAUX	1 168 019 799 €
BRAKE FRANCE SERVICE	69760	LIMONEST	1 166 407 794 €
CANDIA	75014	PARIS 14	1 166 143 888 €
CRISTALCO	75116	PARIS 16	1 149 927 696 €
BAYER HEALTHCARE SAS	59120	LOOS	1 148 377 973 €
HACHETTE LIVRE	92170	VANVES	1 132 698 000 €
CGI FRANCE	92400	COURBEVOIE	1 128 722 208 €
WOREX SNC	78230	LE PECQ	1 127 213 024 €
CRISTAL UNION	10700	VILLETTE SUR AUBE	1 105 325 507 €
VINCI CONSTRUCTION GRANDS PROJETS	92500	RUEIL MALMAISON	1 104 288 891 €
MARTIN-BROWER FRANCE SAS	91090	LISSES	1 103 405 934 €
TOTALENERGIES EP ANGOLA	92400	COURBEVOIE	1 099 893 398 €
MANITOU BF	44150	ANCENIS ST GEREON	1 098 335 824 €
GROUPE MOBALI-BANDA	00000	14583 BRAZZAVILLE	1 098 302 227 €
AMUNDI ASSET MANAGEMENT	75015	PARIS 15	1 097 889 000 €
SFR FIBRE SAS	77420	LOGNES	1 097 140 667 €
ALTRAN TECHNOLOGIES	75116	PARIS 16	1 097 099 785 €
ENTREMONT ALLIANCE	74000	ANNECY	1 095 853 900 €
SOCIETE COOPERATIVE D'APPROVISIONNEMENT DE L'ILE DE FRANCE	77176	SAVIGNY LE TEMPLE	1 094 652 358 €
GAZELENERGIE SOLUTIONS	92400	COURBEVOIE	1 077 893 050 €
SAP FRANCE	92300	LEVALLOIS PERRET	1 069 345 661 €
PICOTY	23300	LA SOUTERRAINE	1 067 817 104 €
ROCHE	92100	BOULOGNE BILLANCOURT	1 061 370 185 €
TELEVISION FRANCAISE 1	92100	BOULOGNE BILLANCOURT	1 060 000 000 €
KERMENE	22330	LE MENE	1 055 770 571 €
DIAC LOCATION	93160	NOISY LE GRAND	1 054 981 000 €
ROYAL CANIN SAS	30470	Aimargues	1 049 749 617 €
BNP PARIBAS ASSET MANAGEMENT FRANCE	75009	PARIS 09	1 045 925 589 €
RHODIA OPERATIONS	93300	AUBERVILLIERS	1 045 630 026 €
ESSITY FRANCE	93400	ST OUEN SUR SEINE	1 045 198 095 €
LENOVO FRANCE SAS	92500	Rueil-Malmaison	1 035 554 457 €
AUCHAN CARBURANT	59170	CROIX	1 034 232 521 €
CIRCET	83210	SOLLIES PONT	1 026 858 024 €
ZARA FRANCE	75012	PARIS 12	1 024 916 075 €
GRENKE LOCATION	67300	SCHILTIGHEIM	1 023 228 988 €
KUWAIT PETROLEUM AVIATION FRANCE SAS	75017	Paris 17e Arrondissement	1 022 322 637 €
CREDIT AGRICOLE-GROUP INFRASTRUCTURE PLATFORM	75015	PARIS 15	1 017 971 580 €
NESTLE WATERS MARKETING & DISTRIBUTION	92130	Issy-les-Moulineaux	1 015 049 027 €
KPMG	92400	Courbevoie	1 011 073 151 €
LACTALIS FROMAGES	53810	CHANGE	1 004 418 654 €
ALTICE FRANCE	75015	PARIS 15	999 028 000 €
AREVA MINES	92400	COURBEVOIE	997 298 000 €
SYNGENTA FRANCE SAS	31790	SAINT SAUVEUR	996 738 872 €
VIVESCIA	51100	REIMS	993 191 000 €
EURO DISNEY ASSOCIES SAS	77700	CHESSY	992 000 000 €
EUTELSAT S.A.	92130	ISSY LES MOULINEAUX	990 310 297 €
ELECTRO DEPOT FRANCE	59155	FACHES THUMESNIL	988 525 430 €
AIR LIQUIDE FRANCE INDUSTRIE	75007	PARIS 07	987 723 000 €
SOC CENTRALE APPROVISIONNEMENT ARMORIQUE	29800	Landerneau	986 258 435 €
ARIANESPACE	91000	EVRY COURCOURONNES	982 460 193 €
CRIT	75017	Paris 17e Arrondissement	981 819 968 €
MAISON JOHANES BOUBEE	33300	BORDEAUX	973 745 945 €
AUCHAN RETAIL AGRO	59650	Villeneuve-d'Ascq	973 415 365 €
FNAC DIRECT	94200	IVRY SUR SEINE	970 443 598 €
KIABI EUROPE	59510	HEM	968 458 692 €
GIFI MAG	47300	VILLENEUVE SUR LOT	966 610 777 €
ORPEA	92800	PUTEAUX	965 500 629 €
CARREFOUR IMPORT	91300	MASSY	964 312 914 €
CONSTELLIUM NEUF BRISACH	68600	BIESHEIM	958 524 691 €
TOUTON SA	33300	BORDEAUX	958 241 896 €
LECUREUR SA	75001	PARIS 1	954 840 164 €
MAISONS DU MONDE FRANCE	44120	VERTOU	945 580 083 €
TOTALENERGIES PROXI NORD EST	54320	MAXEVILLE	943 704 316 €
SIEMENS S.A.S	93210	Saint-Denis	942 755 415 €
BIOCOOP	75116	PARIS 16	930 725 748 €
YVES SAINT LAURENT	75007	PARIS 07	928 586 463 €
EG RETAIL (FRANCE) SAS	95800	CERGY	927 054 220 €
SYNERGIE	75016	Paris 16e Arrondissement	924 514 253 €
ELIVIA	44150	ANCENIS ST GEREON	922 685 334 €
TOTALENERGIES PROXI NORD OUEST	44100	NANTES	922 271 965 €
VIATRIS SANTE	69007	LYON 07	917 863 014 €
TUI FRANCE	92300	LEVALLOIS PERRET	917 150 480 €
TOTAL ENERGIE GAZ	92400	COURBEVOIE	916 977 365 €
AGCO DISTRIBUTION S.A.S.	60000	Beauvais	916 952 870 €
IMMOBILIERE 3F	75013	Paris 13e Arrondissement	915 216 000 €
PIERRE FABRE MEDICAMENT	92100	BOULOGNE BILLANCOURT	912 337 415 €
APERAM STAINLESS FRANCE	93210	SAINT DENIS	911 829 203 €
SNETOR OVERSEAS	92400	COURBEVOIE	910 332 397 €
SOC COOP APPROVISIONNEMENT PARIS NORD	95820	BRUYERES SUR OISE	909 897 011 €
GUY DAUPHIN ENVIRONNEMENT	14540	CASTINE EN PLAINE	907 248 868 €
ESSILOR INTERNATIONAL	94220	CHARENTON LE PONT	906 000 000 €
CHRONOPOST	75014	PARIS 14	903 972 000 €
CHAUSSON MATERIAUX	31140	ST ALBAN	900 620 081 €
EVOBUS FRANCE SASU	95200	SARCELLES	892 457 803 €
AXIMA CONCEPT	92400	COURBEVOIE	886 582 600 €
PROSOL	69970	CHAPONNAY	886 016 021 €
FRANCAISE DE MECANIQUE	62138	BILLY BERCLAU	885 537 299 €
BIOGARAN	92700	COLOMBES	884 027 490 €
LACTALIS INGREDIENTS	35230	BOURGBARRE	883 589 953 €
VOLVO CAR FRANCE	92000	Nanterre	883 133 195 €
OPEL FRANCE	78300	POISSY	882 675 811 €
ORACLE FRANCE	92700	COLOMBES	872 766 717 €
SOCIETE COOPERATIVE AGRICOLE AXEREAL	45160	OLIVET	870 568 073 €
SPIE INDUSTRIE & TERTIAIRE	69320	FEYZIN	870 346 250 €
RIVA ACIER	78440	PORCHEVILLE	870 334 850 €
BOUYGUES ENERGIES & SERVICES	78180	MONTIGNY LE BRETONNEUX	869 991 081 €
VARO ENERGY FRANCE SAS	33520	BRUGES	869 056 324 €
CHARAL	49300	Cholet	866 392 523 €
ALSTOM CRESPIN SAS	59154	CRESPIN	862 333 288 €
LUBRIZOL FRANCE	76100	ROUEN	861 372 340 €
LA HALLE	75019	Paris 19e Arrondissement	859 316 321 €
SAIPEM SA	78180	MONTIGNY LE BRETONNEUX	855 321 000 €
ORGANISATION INTRA-GROUPE DES ACHATS	59170	CROIX	854 585 717 €
COMPASS GROUP FRANCE	92320	ChÃ¢tillon	854 547 628 €
GROUPE SEB FRANCE	69130	ECULLY	853 324 554 €
CITEO	75009	PARIS 09	849 794 938 €
ARROW ECS	92400	COURBEVOIE	846 079 152 €
CREDIT AGRICOLE TECHNOLOGIES ET SERVICES	75012	PARIS 12E ARRONDISSEMENT	845 857 496 €
SOC CENTRALE APPROVISION SUD OUEST	33610	CESTAS	844 175 660 €
KRONENBOURG	67210	OBERNAI	844 003 062 €
SIDEL BLOWING & SERVICES	76930	OCTEVILLE SUR MER	842 663 877 €
ERAMET	75015	PARIS 15	842 313 000 €
IDEMIA FRANCE	92400	COURBEVOIE	841 657 000 €
ENI FRANCE SARL	69007	Lyon 7e Arrondissement	839 448 576 €
BULL SAS	78340	Les Clayes-sous-Bois	839 200 029 €
ORANGINA SCHWEPPES FRANCE	92200	NEUILLY SUR SEINE	838 429 052 €
SPBI	85170	DOMPIERRE SUR YON	837 500 000 €
LILLY FRANCE	92200	Neuilly-sur-Seine	837 314 025 €
KEM ONE	69008	LYON 08	835 775 331 €
AUTODISTRIBUTION	94110	ARCUEIL	835 126 165 €
LES GRANDS CHAIS DE FRANCE	67290	PETERSBACH	833 538 581 €
PIERRE FABRE DERMO-COSMETIQUE	92100	BOULOGNE BILLANCOURT	831 247 841 €
BUNGE FRANCE	44600	ST NAZAIRE	828 711 235 €
KIA FRANCE	92500	RUEIL MALMAISON	827 625 228 €
BALENCIAGA S A	75007	PARIS 7E ARRONDISSEMENT	826 314 585 €
UNITED PARCEL SERVICE FRANCE SAS	75012	PARIS 12	825 887 290 €
CENTRALE D'APPROVISIONNEMENT DES LANDES	40000	MONT DE MARSAN	825 509 168 €
NETWORK RELATED SERVICES	38330	MONTBONNOT SAINT MARTIN	825 002 000 €
DISTRIBUTION FRANPRIX	94430	CHENNEVIERES SUR MARNE	822 166 665 €
BASELL POLYOLEFINES FRANCE	13130	BERRE L ETANG	820 619 657 €
NORAUTO FRANCE	59262	SAINGHIN EN MELANTOIS	817 432 432 €
MCDONALD'S FRANCE	78280	GUYANCOURT	816 098 146 €
ES ENERGIES STRASBOURG	67000	STRASBOURG	814 785 275 €
VALEO EQUIPEMENTS ELECTRIQUES MOTEUR	94000	CRETEIL	814 395 054 €
AGCO S.A.S.	60000	Beauvais	813 231 663 €
STMICROELECTRONICS SA	92120	MONTROUGE	811 133 156 €
MSD VACCINS	69007	LYON 07	808 192 323 €
BOUYGUES BATIMENT INTERNATIONAL	78280	GUYANCOURT	805 615 842 €
RELAIS FNAC	94200	IVRY SUR SEINE	804 157 658 €
SAS EQUIPEMENT DE LA MAISON	75015	PARIS 15	802 070 511 €
COMPAGNIE GENERALE DES ETABLISSEMENTS MICHELIN	63000	CLERMONT FERRAND	797 951 000 €
JTEKT EUROPE	69540	IRIGNY	796 990 590 €
T D F	92120	Montrouge	796 618 000 €
HENKEL FRANCE	92100	Boulogne-Billancourt	791 761 330 €
AXA INVESTMENT MANAGERS PARIS	92800	Puteaux	789 815 164 €
BONDUELLE EUROPE LONG LIFE	59173	RENESCURE	789 794 997 €
NESTLE PURINA PETCARE COMMERCIAL OPERATIONS FRANCE	77186	NOISIEL	789 328 069 €
SNF SAS	42160	ANDREZIEUX BOUTHEON	789 187 121 €
UBISOFT EMEA	93100	Montreuil	789 147 334 €
HERTA	93160	NOISY LE GRAND	788 844 012 €
HYUNDAI MOTOR FRANCE	92250	LA GARENNE COLOMBES	788 748 537 €
PERNOD RICARD FRANCE	13002	MARSEILLE 02	788 419 435 €
FAURECIA SIEGES D'AUTOMOBILE	92000	NANTERRE	788 082 100 €
LEGRAND FRANCE	87000	LIMOGES	787 000 000 €
MARS PF FRANCE	45550	ST DENIS DE L HOTEL	783 434 968 €
COOP ATLANTIQUE	17100	SAINTES AIR	783 018 000 €
SEDIFRAIS	95500	GONESSE	782 744 013 €
MITSUBISHI TURBOCHARGER AND ENGINE EUROPE B.V.	00000	DAMSLUIGSWEG 2	779 038 000 €
COOP AGRICOL VENDEE APPROV VENTE CEREALE	85000	La Roche-sur-Yon	778 824 691 €
U-LOGISTIQUE	44470	Carquefou	773 505 000 €
NESTLE PURINA PETCARE FRANCE	77186	NOISIEL	772 131 210 €
SMURFIT KAPPA FRANCE	94160	Saint-MandÃ©	767 926 252 €
SCANIA FRANCE	49000	ANGERS	764 848 822 €
AMAZON FRANCE LOGISTIQUE SAS	92110	CLICHY	764 481 859 €
CONTINENTAL FRANCE	57200	SARREGUEMINES	763 686 994 €
CLINEA	92800	PUTEAUX	762 664 502 €
EDF PRODUCTION ELECTRIQUE INSULAIRE SAS	92800	Puteaux	762 100 000 €
COLAS ILE DE FRANCE NORMANDIE	78114	Magny-les-Hameaux	761 690 234 €
COLAS NORD-EST	54000	NANCY	760 077 119 €
SPIE CITYNETWORKS	93200	ST DENIS	759 476 937 €
STMICROELECTRONICS (CROLLES 2) SAS	38920	CROLLES	758 556 405 €
KUEHNE+NAGEL	77164	FERRIERES EN BRIE	756 237 774 €
GROUPE SEB EXPORT	69130	ECULLY	756 110 030 €
ALSO FRANCE	92230	GENNEVILLIERS	754 331 244 €
MAN TRUCK & BUS FRANCE	91080	EVRY COURCOURONNES	752 925 392 €
LABORATOIRE GLAXOSMITHKLINE	92500	RUEIL MALMAISON	752 243 133 €
STMICROELECTRONICS ROUSSET SAS	13790	ROUSSET	749 664 373 €
NEXTER SYSTEMS	78000	VERSAILLES	743 751 000 €
AXXES	69003	LYON 03	742 999 421 €
CARREFOUR PROXIMITE FRANCE	14120	Mondeville	740 157 704 €
MEDTRONIC FRANCE	92100	BOULOGNE BILLANCOURT	735 845 601 €
KUEHNE NAGEL ROAD	69400	VILLEFRANCHE SUR SAONE	735 545 622 €
INVIVO TRADING	75116	PARIS 16	734 512 894 €
FLEURY MICHON LS	85700	POUZAUGES	734 333 739 €
MARS WRIGLEY CONFECTIONERY FRANCE	67500	HAGUENAU	733 988 125 €
GFI INFORMATIQUE	93400	Saint-Ouen	733 772 000 €
TOLL COLLECT GMBH	00000		732 905 666 €
INFINEUM FRANCE	13130	BERRE L ETANG	731 553 803 €
MERCEDES-BENZ TRUCKS FRANCE S.A.S.U	78180	MONTIGNY LE BRETONNEUX	730 644 181 €
DAHER AEROSPACE	94310	ORLY	727 588 393 €
NOCIBE FRANCE DISTRIBUTION	59650	VILLENEUVE D'ASCQ	726 931 008 €
THALES DIS FRANCE SA	92190	MEUDON	725 502 000 €
CLAAS TRACTOR SAS	78140	VELIZY VILLACOUBLAY	722 134 000 €
BERGERAT MONNOYEUR	93200	SAINT DENIS	720 742 965 €
ESSO RAFFINAGE	92000	NANTERRE	720 171 876 €
AMADEUS	06410	BIOT	720 058 000 €
FRANFINANCE LOCATION	92000	NANTERRE	719 278 000 €
LOXAM	56850	CAUDAN	719 167 230 €
SOCIETE VITREENNE D'ABATTAGE	35500	VITRE	716 728 734 €
INVIVO RETAIL PRODUCTION MARCHANDISES	75116	PARIS 16	715 172 920 €
AB INBEV FRANCE	59110	La Madeleine	709 582 398 €
ONET SERVICES	13009	Marseille 9e Arrondissement	709 525 276 €
APPLE RETAIL FRANCE EURL	75009	Paris 9e Arrondissement	708 636 064 €
COMPUTACENTER FRANCE	95700	ROISSY EN FRANCE	708 621 794 €
TOTAL MARKETING SERVICES	92800	PUTEAUX	704 792 000 €
BUTAGAZ	92300	Levallois-Perret	702 575 011 €
ENTREPRISE GENERALE LEON GROSSE	73100	AIX LES BAINS	701 461 791 €
ATOS INTEGRATION	95870	BEZONS	701 365 980 €
CASTEL FRERES	33290	BLANQUEFORT	699 961 209 €
INTERFORUM	75013	PARIS 13	696 703 706 €
AXIONE	92240	MALAKOFF	695 378 399 €
ALCATEL SUBMARINE NETWORKS	91620	NOZAY	692 355 905 €
AMGEN SAS	92100	BOULOGNE BILLANCOURT	690 162 153 €